tract_id,COUNTY,svi,population,lat,lon,flood_days,nearest_station,elevation_m,infra_count,flood_days_norm,svi_norm,low_lying_norm,infrastructure_norm,coverage_norm,score
13051000601,Chatham County,0.9626,4974,32.0796728,-81.1166491,14.333333333333334,"Fort Pulaski, GA",7.0,161,1.0,0.9759605506472159,0.7954545454545454,1.0,0.13878403442929096,0.8453029322734574
13051004400,Chatham County,0.9511,2518,32.0384907,-81.1205614,14.333333333333334,"Fort Pulaski, GA",2.0,65,1.0,0.9641462913499074,0.9090909090909091,0.40372670807453415,0.11263634213161954,0.783793800556587
13051003501,Chatham County,0.9093,2327,32.0347682,-81.0841313,14.333333333333334,"Fort Pulaski, GA",3.0,84,1.0,0.92120402712143,0.8863636363636364,0.5217391304347826,0.13095206220147726,0.7836263748308849
13051002000,Chatham County,0.9003,1603,32.0607071,-81.0889828,14.333333333333334,"Fort Pulaski, GA",8.0,119,1.0,0.9119580850626668,0.7727272727272727,0.7391304347826086,0.14119692575715848,0.780394865130089
13051001200,Chatham County,0.9381,2541,32.065001,-81.108689,14.333333333333334,"Fort Pulaski, GA",13.0,119,1.0,0.9507910417094719,0.6590909090909092,0.7391304347826086,0.13359545063123898,0.7571936955206295
13051004209,Chatham County,0.8607,3891,31.9726964,-81.126552,14.333333333333334,"Fort Pulaski, GA",-2.0,39,1.0,0.8712759400041094,1.0,0.2422360248447205,0.08162417659047988,0.7558806033869888
13051011600,Chatham County,0.7463,1907,32.0902725,-81.1332105,14.333333333333334,"Fort Pulaski, GA",8.0,134,1.0,0.7537497431682761,0.7727272727272727,0.8322981366459627,0.13872517056466524,0.7466603423220256
13051010601,Chatham County,0.8395,4606,32.1081266,-81.1538823,14.333333333333334,"Fort Pulaski, GA",6.0,77,1.0,0.8494966098212451,0.8181818181818181,0.4782608695652174,0.1439072118149436,0.7364333800171958
13051003301,Chatham County,0.7082,1665,32.0724559,-81.1244804,14.333333333333334,"Fort Pulaski, GA",8.0,134,1.0,0.7146085884528457,0.7727272727272727,0.8322981366459627,0.13074091251346892,0.7341195701022768
13051011700,Chatham County,0.8877,3151,32.0800675,-81.0967829,14.333333333333334,"Fort Pulaski, GA",14.0,116,1.0,0.8990137661803985,0.6363636363636364,0.7204968944099379,0.14824740024377156,0.7335124949490783
13051002800,Chatham County,0.9705,3552,32.049231,-81.1092499,14.333333333333334,"Fort Pulaski, GA",12.0,74,1.0,0.984076433121019,0.6818181818181819,0.45962732919254656,0.12437877441161274,0.7311503613018036
13051004207,Chatham County,0.9575,3240,31.9966229,-81.13764,14.333333333333334,"Fort Pulaski, GA",12.0,77,1.0,0.9707211834805836,0.6818181818181819,0.4782608695652174,0.08271373262561595,0.7257723132869738
13051004500,Chatham County,0.9323,3904,32.0490295,-81.1314223,14.333333333333334,"Fort Pulaski, GA",11.0,74,1.0,0.9448325457160468,0.7045454545454546,0.45962732919254656,0.11316120421761626,0.725073619879094
13191110201,McIntosh County,0.797,2513,31.46643,-81.3102625,14.333333333333334,"Fort Pulaski, GA",1.0,0,1.0,0.8058352167659749,0.9318181818181819,0.0,0.37166729519423214,0.7084627490946703
13051002300,Chatham County,0.8409,1821,32.0577219,-81.1112234,14.333333333333334,"Fort Pulaski, GA",15.0,109,1.0,0.8509348674748305,0.6136363636363636,0.6770186335403726,0.12813066191527966,0.7037372305559421
13051010504,Chatham County,0.9788,4505,32.074917,-81.1688935,14.333333333333334,"Fort Pulaski, GA",8.0,13,1.0,0.9926032463529895,0.7727272727272727,0.08074534161490683,0.11492158818174668,0.7032031157844892
13051002100,Chatham County,0.7582,2167,32.058506,-81.0807397,14.333333333333334,"Fort Pulaski, GA",9.0,85,1.0,0.7659749332237518,0.75,0.5279503105590062,0.1444324089235433,0.6984282674433308
13051011400,Chatham County,0.8424,1854,32.0561791,-81.1010266,14.333333333333334,"Fort Pulaski, GA",16.0,109,1.0,0.8524758578179578,0.5909090909090908,0.6770186335403726,0.13245003011492695,0.6978132826606631
13051004001,Chatham County,0.8762,4524,32.0169061,-81.0997519,14.333333333333334,"Fort Pulaski, GA",21.0,117,1.0,0.8871995068830901,0.4772727272727273,0.7267080745341615,0.11390910131934892,0.6797387915588045
13051011300,Chatham County,0.7132,2114,32.0622457,-81.0982166,14.333333333333334,"Fort Pulaski, GA",15.0,122,1.0,0.7197452229299361,0.6136363636363636,0.7577639751552795,0.13725391940591017,0.6774044641837729
13051002200,Chatham County,0.7625,4229,32.052376,-81.0707688,14.333333333333334,"Fort Pulaski, GA",10.0,61,1.0,0.7703924388740497,0.7272727272727273,0.37888198757763975,0.14686121196543203,0.6708179691772223
13051001100,Chatham County,0.6128,1556,32.0673353,-81.0809976,14.333333333333334,"Fort Pulaski, GA",6.0,81,1.0,0.6166016026299569,0.8181818181818181,0.5031055900621118,0.1489626818397949,0.6707971329368287
13039010604,Camden County,0.8618,3961,30.751785,-81.5598166,9.333333333333334,"Fernandina Beach, FL",1.0,28,0.0,0.8724059995890692,0.9318181818181819,0.17391304347826086,0.9795825926835033,0.6653124702122647
13051002600,Chatham County,0.7513,1866,32.054159,-81.0931284,14.333333333333334,"Fort Pulaski, GA",13.0,80,1.0,0.7588863776453666,0.6590909090909092,0.4968944099378882,0.13551035162161942,0.6634783826737279
13051011800,Chatham County,0.6617,1710,32.0828593,-81.0540407,14.333333333333334,"Fort Pulaski, GA",2.0,24,1.0,0.666837887815903,0.9090909090909091,0.14906832298136646,0.17150270669989148,0.6622891581892378
13051010901,Chatham County,0.9676,4234,31.9644699,-81.178171,14.333333333333334,"Fort Pulaski, GA",11.0,2,1.0,0.9810971851243065,0.7045454545454546,0.012422360248447204,0.045539853066216024,0.6621101312448171
13051010816,Chatham County,0.9108,2714,32.0246732,-81.2393085,14.333333333333334,"Fort Pulaski, GA",13.0,29,1.0,0.9227450174645573,0.6590909090909092,0.18012422360248448,0.058873061933318024,0.6574567177003444
13127000702,Glynn County,0.986,4644,31.1828244,-81.5134068,9.333333333333334,"Fernandina Beach, FL",1.0,15,0.0,1.0,0.9318181818181819,0.09316770186335403,0.6280703163748851,0.6563276414624462
13051003700,Chatham County,0.7953,2245,32.0655737,-81.0660527,14.333333333333334,"Fort Pulaski, GA",14.0,62,1.0,0.804088761043764,0.6363636363636364,0.38509316770186336,0.1560388518155295,0.6555035795590526
13051002700,Chatham County,0.5761,2956,32.0518472,-81.0843019,14.333333333333334,"Fort Pulaski, GA",7.0,82,1.0,0.5788987055681116,0.7954545454545454,0.5093167701863354,0.13908427835327533,0.652611918670075
13127000800,Glynn County,0.9709,4241,31.1402126,-81.5086931,9.333333333333334,"Fernandina Beach, FL",3.0,25,0.0,0.9844873638791862,0.8863636363636364,0.15527950310559005,0.6609186597402203,0.6506390915127073
13051003601,Chatham County,0.7258,3933,32.0619461,-81.0482825,14.333333333333334,"Fort Pulaski, GA",7.0,27,1.0,0.7326895418122047,0.7954545454545454,0.16770186335403728,0.16416072347707455,0.6500145780308381
13051010102,Chatham County,0.8589,4319,32.023324,-81.051857,14.333333333333334,"Fort Pulaski, GA",12.0,19,1.0,0.8694267515923567,0.6818181818181819,0.11801242236024845,0.14571425889250142,0.6476467692664489
13127000701,Glynn County,0.8982,3425,31.207756,-81.4880673,9.333333333333334,"Fernandina Beach, FL",0.0,30,0.0,0.9098006985822887,0.9545454545454546,0.18633540372670807,0.6035842082967735,0.6476125773270066
13127000501,Glynn County,0.9604,4215,31.1758545,-81.4752744,9.333333333333334,"Fernandina Beach, FL",5.0,37,0.0,0.973700431477296,0.8409090909090909,0.22981366459627328,0.6267621564695965,0.6415311220523168
13051003602,Chatham County,0.7589,4726,32.0485293,-81.0567866,14.333333333333334,"Fort Pulaski, GA",13.0,49,1.0,0.7666940620505445,0.6590909090909092,0.30434782608695654,0.15306460432285937,0.6386941256877654
13051003302,Chatham County,0.461,2086,32.0651866,-81.1268036,14.333333333333334,"Fort Pulaski, GA",9.0,114,1.0,0.46065337990548594,0.75,0.7080745341614907,0.12514468022156738,0.6319216621180261
13051010813,Chatham County,0.8525,5383,32.0157346,-81.2578533,14.333333333333334,"Fort Pulaski, GA",14.0,28,1.0,0.8628518594616807,0.6363636363636364,0.17391304347826086,0.05027844478815823,0.63087944974815
13051004208,Chatham County,0.6747,4150,31.9853784,-81.1427674,14.333333333333334,"Fort Pulaski, GA",13.0,69,1.0,0.6801931374563385,0.6590909090909092,0.42857142857142855,0.0751457302024118,0.6235855012701298
13029920303,Bryan County,0.8287,6922,31.9388503,-81.3220146,14.333333333333334,"Fort Pulaski, GA",16.0,45,1.0,0.8384014793507294,0.5909090909090908,0.2795031055900621,0.02866727805213479,0.6235853647216689
13051003400,Chatham County,0.6254,4417,32.0330666,-81.1029305,14.333333333333334,"Fort Pulaski, GA",16.0,97,1.0,0.6295459215122252,0.5909090909090908,0.6024844720496895,0.1194271736431979,0.6184518918981681
13051010702,Chatham County,0.6848,6931,32.2090275,-81.2112312,14.333333333333334,"Fort Pulaski, GA",10.0,23,1.0,0.6905691391000616,0.7272727272727273,0.14285714285714285,0.2114580345743624,0.6179269347978443
13179010402,Liberty County,0.814,4093,31.8174281,-81.572421,14.333333333333334,"Fort Pulaski, GA",13.0,0,1.0,0.8232997739880829,0.6590909090909092,0.0,0.22387380297265386,0.617104585220963
13051004002,Chatham County,0.6639,3274,32.0006956,-81.1000011,14.333333333333334,"Fort Pulaski, GA",17.0,90,1.0,0.6690980069858229,0.5681818181818181,0.5590062111801242,0.10742903722094507,0.6157777829494054
13051003502,Chatham County,0.6542,3818,32.0307028,-81.0760378,14.333333333333334,"Fort Pulaski, GA",14.0,64,1.0,0.659132936100267,0.6363636363636364,0.39751552795031053,0.1339035915293653,0.611666660084654
13051010811,Chatham County,0.561,4930,32.0940072,-81.2859943,14.333333333333334,"Fort Pulaski, GA",9.0,59,1.0,0.5633860694472981,0.75,0.36645962732919257,0.11592736328321428,0.6105775012618898
13051003800,Chatham County,0.606,2804,32.0269646,-81.0669546,14.333333333333334,"Fort Pulaski, GA",10.0,48,1.0,0.6096157797411135,0.7272727272727273,0.2981366459627329,0.13781268747306044,0.6095683177458682
13051011900,Chatham County,0.597,2022,32.0692579,-81.0923569,14.333333333333334,"Fort Pulaski, GA",20.0,122,1.0,0.6003698376823505,0.5,0.7577639751552795,0.14416689402903138,0.6081922369809003
13051010502,Chatham County,0.9068,4130,32.0289953,-81.1670949,14.333333333333334,"Fort Pulaski, GA",18.0,9,1.0,0.9186357098828848,0.5454545454545454,0.055900621118012424,0.08432938867655282,0.6060451086365862
13051010200,Chatham County,0.738,4468,31.9968174,-81.0678485,14.333333333333334,"Fort Pulaski, GA",14.0,30,1.0,0.7452229299363058,0.6363636363636364,0.18633540372670807,0.1267865815582813,0.605104938604817
13127000503,Glynn County,0.8136,3951,31.1988891,-81.4671337,9.333333333333334,"Fernandina Beach, FL",2.0,24,0.0,0.8228888432299156,0.9090909090909091,0.14906832298136646,0.6070307083589017,0.6026572449793426
13051010806,Chatham County,0.4973,6504,31.9798614,-81.2035921,14.333333333333334,"Fort Pulaski, GA",1.0,21,1.0,0.49794534620916375,0.9318181818181819,0.13043478260869565,0.037444251760558774,0.6022387009755639
13179010301,Liberty County,0.6931,1105,31.8459196,-81.6024863,14.333333333333334,"Fort Pulaski, GA",20.0,74,1.0,0.6990959523320321,0.5,0.45962732919254656,0.2352894499545929,0.602201830073951
13029920301,Bryan County,0.76,1977,31.8986194,-81.356358,14.333333333333334,"Fort Pulaski, GA",11.0,3,1.0,0.7678241216355044,0.7045454545454546,0.018633540372670808,0.059062953139974776,0.6004121992241858
13127000900,Glynn County,0.8104,4106,31.1261435,-81.4571145,9.333333333333334,"Fernandina Beach, FL",0.0,0,0.0,0.8196013971645778,0.9545454545454546,0.0,0.6638034460254711,0.5986244001155568
13179010302,Liberty County,0.7359,6069,31.852802,-81.5833954,14.333333333333334,"Fort Pulaski, GA",20.0,40,1.0,0.7430655434559277,0.5,0.2484472049689441,0.22089970737996495,0.5822767145201163
13051010814,Chatham County,0.4696,5319,31.9740193,-81.2762473,14.333333333333334,"Fort Pulaski, GA",3.0,19,1.0,0.46948839120608177,0.8863636363636364,0.11801242236024845,0.018271243504720282,0.5762845959754247
13191110202,McIntosh County,0.4955,1685,31.4902449,-81.4215105,14.333333333333334,"Fort Pulaski, GA",7.0,1,1.0,0.4960961577974111,0.7954545454545454,0.006211180124223602,0.36768194351359806,0.5751650823455803
13051004300,Chatham County,0.633,2550,32.0155607,-81.14483,14.333333333333334,"Fort Pulaski, GA",11.0,13,1.0,0.637353605917403,0.7045454545454546,0.08074534161490683,0.0875626489179347,0.5734377842728867
13051003900,Chatham County,0.7834,3953,32.0106917,-81.0780492,14.333333333333334,"Fort Pulaski, GA",23.0,44,1.0,0.7918635709882884,0.43181818181818177,0.2732919254658385,0.12476738682378938,0.5705750533441959
13051004210,Chatham County,0.6135,4908,31.991237,-81.1173083,14.333333333333334,"Fort Pulaski, GA",22.0,96,1.0,0.6173207314567495,0.4545454545454546,0.5962732919254659,0.09321216968935779,0.5703220665584168
13179010600,Liberty County,0.72,2002,31.7181539,-81.4004554,14.333333333333334,"Fort Pulaski, GA",16.0,6,1.0,0.7267310458187796,0.5909090909090908,0.037267080745341616,0.18875988964538182,0.5697580920947005
13051010818,Chatham County,0.8143,2246,32.0458623,-81.3323442,14.333333333333334,"Fort Pulaski, GA",18.0,0,1.0,0.8236079720567084,0.5454545454545454,0.0,0.08850243819087925,0.569568999072464
13051010503,Chatham County,0.6697,1797,32.05556,-81.1874687,14.333333333333334,"Fort Pulaski, GA",13.0,9,1.0,0.675056502979248,0.6590909090909092,0.055900621118012424,0.0948274223834645,0.5681120590270955
13179010202,Liberty County,0.7693,4300,31.8197412,-81.6095694,14.333333333333334,"Fort Pulaski, GA",26.0,53,1.0,0.7773782617628928,0.36363636363636365,0.32919254658385094,0.2470629977222819,0.5663895693795827
13051011007,Chatham County,0.4045,2486,31.9377252,-81.0986956,14.333333333333334,"Fort Pulaski, GA",1.0,1,1.0,0.40260941031436204,0.9318181818181819,0.006211180124223602,0.09619769753523628,0.5608797244119202
13051010701,Chatham County,0.5685,3511,32.1747587,-81.1702876,14.333333333333334,"Fort Pulaski, GA",16.0,43,1.0,0.5710910211629341,0.5909090909090908,0.2670807453416149,0.19033087435657595,0.5576952328585073
13127000504,Glynn County,0.8992,4422,31.2209825,-81.467407,9.333333333333334,"Fernandina Beach, FL",11.0,13,0.0,0.910828025477707,0.7045454545454546,0.08074534161490683,0.5894468391699791,0.5556685291661824
13051011008,Chatham County,0.3163,3660,31.9611848,-81.107891,14.333333333333334,"Fort Pulaski, GA",2.0,29,1.0,0.31199917813848366,0.9090909090909091,0.18012422360248448,0.09182086554486937,0.5525277462636775
13051010810,Chatham County,0.6833,5430,32.0801685,-81.2235159,14.333333333333334,"Fort Pulaski, GA",17.0,13,1.0,0.6890281487569345,0.5681818181818181,0.08074534161490683,0.10571874657020788,0.5498466659808826
13179010208,Liberty County,0.8154,5541,31.7949425,-81.6406635,14.333333333333334,"Fort Pulaski, GA",33.0,67,1.0,0.8247380316416683,0.20454545454545459,0.4161490683229814,0.27490696178921764,0.5486981022835058
13051011200,Chatham County,0.3692,1618,32.0701433,-81.0977753,14.333333333333334,"Fort Pulaski, GA",19.0,125,1.0,0.3663447709061023,0.5227272727272727,0.7763975155279503,0.14195535849065263,0.5473767762682703
13051010807,Chatham County,0.3937,6476,31.9503191,-81.2448882,14.333333333333334,"Fort Pulaski, GA",1.0,0,1.0,0.3915142798438463,0.9318181818181819,0.0,0.0,0.5469997384986085
13179010504,Liberty County,0.6412,2407,31.8368883,-81.4472784,14.333333333333334,"Fort Pulaski, GA",15.0,5,1.0,0.6457776864598316,0.6136363636363636,0.031055900621118012,0.13902220536871826,0.5463848206588982
13179010204,Liberty County,0.8402,2666,31.7720581,-81.6174554,14.333333333333334,"Fort Pulaski, GA",29.0,25,1.0,0.8502157386480377,0.2954545454545454,0.15527950310559005,0.26855976088451544,0.543848986785065
13191110101,McIntosh County,0.4207,1330,31.5503255,-81.5205034,14.333333333333334,"Fort Pulaski, GA",10.0,2,1.0,0.41925210602013563,0.7272727272727273,0.012422360248447204,0.3500629634432885,0.5308271003694548
13039010302,Camden County,0.6787,4941,30.8460969,-81.7909115,9.333333333333334,"Fernandina Beach, FL",9.0,0,0.0,0.684302445038011,0.75,0.0,0.9540996375124914,0.5257006972626523
13051004212,Chatham County,0.5534,5559,31.9696272,-81.1616966,14.333333333333334,"Fort Pulaski, GA",16.0,25,1.0,0.5555783850421203,0.5909090909090908,0.15527950310559005,0.05776524182441293,0.5230146924336432
13179010401,Liberty County,0.5779,2383,31.8529765,-81.5143949,14.333333333333334,"Fort Pulaski, GA",16.0,0,1.0,0.5807478939798643,0.5909090909090908,0.0,0.17528013276804733,0.5190251087434913
13179010205,Liberty County,0.7899,6092,31.8320324,-81.6273559,14.333333333333334,"Fort Pulaski, GA",30.0,21,1.0,0.7985411958085064,0.2727272727272727,0.13043478260869565,0.2553000057289666,0.5164757585249347
13103030309,Effingham County,0.4829,4513,32.3000993,-81.1753538,14.333333333333334,"Fort Pulaski, GA",14.0,0,1.0,0.4831518389151428,0.6363636363636364,0.0,0.289405367901895,0.5147951793738232
13179010503,Liberty County,0.5711,3008,31.8249997,-81.4133457,14.333333333333334,"Fort Pulaski, GA",17.0,7,1.0,0.5737620710910212,0.5681818181818181,0.043478260869565216,0.12556156857580084,0.5116610627698667
13127000406,Glynn County,0.5617,6435,31.245488,-81.5570965,9.333333333333334,"Fernandina Beach, FL",1.0,4,0.0,0.5641051982740907,0.9318181818181819,0.024844720496894408,0.5886339911789098,0.511367121220107
13051010815,Chatham County,0.2375,2244,32.009617,-81.2292723,14.333333333333334,"Fort Pulaski, GA",7.0,49,1.0,0.23104581877953562,0.7954545454545454,0.30434782608695654,0.04865265419901414,0.5084675486031691
13179010501,Liberty County,0.4318,3870,31.7186561,-81.2671179,14.333333333333334,"Fort Pulaski, GA",11.0,1,1.0,0.43065543455927674,0.7045454545454546,0.006211180124223602,0.16293783359758293,0.5077857271098112
13051010603,Chatham County,0.6243,2459,32.1041299,-81.1810517,14.333333333333334,"Fort Pulaski, GA",20.0,4,1.0,0.6284158619272652,0.5,0.024844720496894408,0.13310360845884237,0.505561827498598
13039010100,Camden County,0.5203,2662,31.0360668,-81.7224784,9.333333333333334,"Fernandina Beach, FL",4.0,8,0.0,0.5215738648037805,0.8636363636363636,0.049689440993788817,0.7916521044329048,0.502181695124402
13029920101,Bryan County,0.6114,5033,32.1800181,-81.4767191,14.333333333333334,"Fort Pulaski, GA",28.0,52,1.0,0.6151633449763715,0.31818181818181823,0.32298136645962733,0.23606636291935879,0.502057390208337
13127000405,Glynn County,0.7074,2281,31.2385719,-81.470864,9.333333333333334,"Fernandina Beach, FL",10.0,13,0.0,0.7137867269365112,0.7272727272727273,0.08074534161490683,0.5760362196207252,0.5020332594670801
13051003000,Chatham County,0.1472,1924,32.0444057,-81.085655,14.333333333333334,"Fort Pulaski, GA",9.0,74,1.0,0.1382782001232792,0.75,0.45962732919254656,0.1346340961567158,0.4988909690315373
13103030401,Effingham County,0.3066,5215,32.1725485,-81.3849415,14.333333333333334,"Fort Pulaski, GA",8.0,5,1.0,0.30203410725292784,0.7727272727272727,0.031055900621118012,0.19795338956218786,0.49688213804344666
13051011110,Chatham County,0.1968,1646,31.9751474,-80.9006411,14.333333333333334,"Fort Pulaski, GA",3.0,0,1.0,0.18923361413601808,0.8863636363636364,0.0,0.2362651524366226,0.4963056903935586
13051011113,Chatham County,0.1202,4124,31.9732263,-80.9724603,14.333333333333334,"Fort Pulaski, GA",-1.0,0,1.0,0.11054037394698993,0.9772727272727273,0.0,0.18649267263694927,0.49499319762961
13127000602,Glynn County,0.3764,1502,31.2133935,-81.5366684,9.333333333333334,"Fernandina Beach, FL",0.0,33,0.0,0.37374152455311277,0.9545454545454546,0.20496894409937888,0.6088509592114455,0.4901165312656216
13051010704,Chatham County,0.2141,5694,32.1426895,-81.2449945,14.333333333333334,"Fort Pulaski, GA",8.0,32,1.0,0.2070063694267516,0.7727272727272727,0.19875776397515527,0.15481550738252878,0.4892153079807334
13191110103,McIntosh County,0.1529,1518,31.5804214,-81.2844327,14.333333333333334,"Fort Pulaski, GA",3.0,0,1.0,0.14413396342716253,0.8863636363636364,0.0,0.2769224006492114,0.4868415200021608
13039010305,Camden County,0.4397,2225,30.7875584,-81.7600616,9.333333333333334,"Fernandina Beach, FL",5.0,0,0.0,0.43877131703307987,0.8409090909090909,0.0,0.9909285497877734,0.48299697736142855
13051011104,Chatham County,0.2047,5344,32.0196721,-80.9708372,14.333333333333334,"Fort Pulaski, GA",10.0,37,1.0,0.19734949660982123,0.7272727272727273,0.22981366459627328,0.19672490211645963,0.4815312070658515
13051004100,Chatham County,0.33,2112,31.9807641,-81.1081388,14.333333333333334,"Fort Pulaski, GA",16.0,50,1.0,0.3260735566057119,0.5909090909090908,0.3105590062111801,0.09590309048742143,0.48126895423486
13127000407,Glynn County,0.5513,3973,31.2693466,-81.5175334,9.333333333333334,"Fernandina Beach, FL",7.0,22,0.0,0.5534209985617423,0.7954545454545454,0.13664596273291926,0.5609978077651978,0.481259338391344
13051010819,Chatham County,0.1965,3598,32.0604367,-81.2583265,14.333333333333334,"Fort Pulaski, GA",6.0,19,1.0,0.18892541606739263,0.8181818181818181,0.11801242236024845,0.08698905273986486,0.4785329389027869
13179010207,Liberty County,0.6438,6151,31.8110228,-81.6381094,14.333333333333334,"Fort Pulaski, GA",34.0,54,1.0,0.6484487363879186,0.18181818181818177,0.33540372670807456,0.26822123290086314,0.4762127577581276
13051011114,Chatham County,0.2008,2020,32.0339149,-81.0008485,14.333333333333334,"Fort Pulaski, GA",11.0,40,1.0,0.19334292171769057,0.7045454545454546,0.2484472049689441,0.18155125248724288,0.47478871887300944
13191110300,McIntosh County,0.8352,3410,31.3801224,-81.4184416,9.333333333333334,"Fernandina Beach, FL",18.0,13,0.0,0.8450791041709471,0.5454545454545454,0.08074534161490683,0.45432203536081767,0.4747040996659655
13051010706,Chatham County,0.1774,2078,32.1651305,-81.2612071,14.333333333333334,"Fort Pulaski, GA",9.0,30,1.0,0.1693034723649065,0.75,0.18633540372670807,0.17298006707780397,0.4710393589762586
13127000409,Glynn County,0.6387,1878,31.3472913,-81.5303055,9.333333333333334,"Fernandina Beach, FL",9.0,0,0.0,0.6432093692212862,0.75,0.0,0.5037807498635815,0.468340885752744
13051011112,Chatham County,0.2389,3111,32.0033778,-80.9774405,14.333333333333334,"Fort Pulaski, GA",9.0,2,1.0,0.23248407643312102,0.75,0.012422360248447204,0.18834817629202372,0.4654433945964057
13051010820,Chatham County,0.177,1951,32.0748783,-81.2762161,14.333333333333334,"Fort Pulaski, GA",12.0,51,1.0,0.16889254160673925,0.6818181818181819,0.3167701863354037,0.09948780788899753,0.46267752576668664
13127000601,Glynn County,0.5829,3579,31.2251102,-81.5114452,9.333333333333334,"Fernandina Beach, FL",17.0,58,0.0,0.585884528456955,0.5681818181818181,0.36024844720496896,0.5943633873818466,0.45969350981056195
13051011108,Chatham County,0.0403,2656,31.991505,-80.946048,14.333333333333334,"Fort Pulaski, GA",1.0,0,1.0,0.02845695500308198,0.9318181818181819,0.0,0.20727604857773574,0.45881014590415276
13039010405,Camden County,0.4142,7024,30.7738179,-81.5976086,9.333333333333334,"Fernandina Beach, FL",8.0,5,0.0,0.4125744811999178,0.7727272727272727,0.031055900621118012,0.9679662006957497,0.45704553134089976
13051010801,Chatham County,0.2972,3937,32.128951,-81.3073009,14.333333333333334,"Fort Pulaski, GA",18.0,42,1.0,0.29237723443599756,0.5454545454545454,0.2608695652173913,0.14680543152789105,0.4551605119025607
13051010817,Chatham County,0.2137,3740,32.0364673,-81.2415058,14.333333333333334,"Fort Pulaski, GA",8.0,4,1.0,0.20659543866858435,0.7727272727272727,0.024844720496894408,0.06817947482268426,0.45434146897555977
13051011107,Chatham County,0.0205,3492,32.0490864,-80.9586871,14.333333333333334,"Fort Pulaski, GA",2.0,8,1.0,0.008115882473803165,0.9090909090909091,0.049689440993788817,0.21343362487476278,0.45395881610595823
13051011111,Chatham County,0.127,1723,32.0006807,-80.8478177,14.333333333333334,"Fort Pulaski, GA",8.0,9,1.0,0.11752619683583315,0.7727272727272727,0.055900621118012424,0.2758698260694267,0.45304811664357636
13039010201,Camden County,0.643,1926,30.9337796,-81.7370758,9.333333333333334,"Fernandina Beach, FL",17.0,1,0.0,0.6476268748715842,0.5681818181818181,0.006211180124223602,0.8730788306781633,0.4529821680024706
13051002900,Chatham County,0.0126,2773,32.0448982,-81.098953,14.333333333333334,"Fort Pulaski, GA",10.0,74,1.0,0.0,0.7272727272727273,0.45962732919254656,0.1275470575242159,0.44988062331312173
13039010406,Camden County,0.2379,2322,30.8289405,-81.6179703,9.333333333333334,"Fernandina Beach, FL",0.0,0,0.0,0.2314567495377029,0.9545454545454546,0.0,0.9277918506369622,0.44857984628864345
13127000202,Glynn County,0.3472,4258,31.1765924,-81.3966427,9.333333333333334,"Fernandina Beach, FL",3.0,19,0.0,0.3437435792069036,0.8863636363636364,0.11801242236024845,0.6154525495483826,0.4482792829800375
13029920103,Bryan County,0.7521,4315,32.1427025,-81.6357205,14.333333333333334,"Fort Pulaski, GA",39.0,20,1.0,0.7597082391617013,0.06818181818181823,0.12422360248447205,0.297197717147484,0.446720329290475
13051011005,Chatham County,0.063,5314,31.8872946,-81.0281552,14.333333333333334,"Fort Pulaski, GA",3.0,0,1.0,0.05177727552907335,0.8863636363636364,0.0,0.15024076767261174,0.4464663503350741
13051010705,Chatham County,0.1076,3362,32.1582778,-81.2558299,14.333333333333334,"Fort Pulaski, GA",11.0,37,1.0,0.09759605506472159,0.7045454545454546,0.22981366459627328,0.1673568560392966,0.4418501881764235
13039010404,Camden County,0.3976,5253,30.8017978,-81.6450495,9.333333333333334,"Fernandina Beach, FL",10.0,10,0.0,0.395520854735977,0.7272727272727273,0.062111801242236024,0.9544326703688943,0.44159811182583614
13191110102,McIntosh County,0.3663,727,31.5789411,-81.404451,14.333333333333334,"Fort Pulaski, GA",20.0,2,1.0,0.3633655229093898,0.5,0.012422360248447204,0.2947321899558771,0.4403462299056717
13051004211,Chatham County,0.3865,5162,31.9698671,-81.1430244,14.333333333333334,"Fort Pulaski, GA",22.0,33,1.0,0.3841175261968358,0.4545454545454546,0.20496894409937888,0.07000705052432883,0.43934494089002685
13103030403,Effingham County,0.448,4976,32.1785073,-81.3098001,14.333333333333334,"Fort Pulaski, GA",22.0,0,1.0,0.44729813026505033,0.4545454545454546,0.0,0.18708911301752218,0.4392619867449037
13039010500,Camden County,0.3872,3264,30.8023621,-81.5278537,9.333333333333334,"Fernandina Beach, FL",9.0,1,0.0,0.3848366550236285,0.75,0.006211180124223602,0.93431338660755,0.4348140121864771
13039010602,Camden County,0.2386,1451,30.8432127,-81.4561463,9.333333333333334,"Fernandina Beach, FL",2.0,0,0.0,0.23217587836449557,0.9090909090909091,0.0,0.892440710175169,0.4316241072541383
13051011115,Chatham County,0.0961,2929,32.0263819,-81.0168273,14.333333333333334,"Fort Pulaski, GA",9.0,14,1.0,0.0857817957674132,0.75,0.08695652173913043,0.1688725019577916,0.43066526718687265
13051010821,Chatham County,0.2015,1747,32.0688007,-81.3079572,14.333333333333334,"Fort Pulaski, GA",11.0,1,1.0,0.19406205054448325,0.7045454545454546,0.006211180124223602,0.09908542804866675,0.43042247135048156
13179010103,Liberty County,0.3893,1452,31.8762219,-81.5986141,14.333333333333334,"Fort Pulaski, GA",23.0,11,1.0,0.3869940415040065,0.43181818181818177,0.06832298136645963,0.22644428521744117,0.42853654272336955
13029920305,Bryan County,0.0954,5196,31.9325603,-81.2835794,14.333333333333334,"Fort Pulaski, GA",5.0,0,1.0,0.08506266694062051,0.8409090909090909,0.0,0.0019999866357736165,0.4279915260184907
13039010304,Camden County,0.4685,3136,30.7630719,-81.7176616,9.333333333333334,"Fernandina Beach, FL",15.0,0,0.0,0.46835833162112184,0.6136363636363636,0.0,1.0,0.4245984085772456
13103030207,Effingham County,0.3329,2090,32.2652759,-81.406302,14.333333333333334,"Fort Pulaski, GA",21.0,0,1.0,0.3290528046024245,0.4772727272727273,0.0,0.27401256007144353,0.4192989155696899
13179010206,Liberty County,0.5682,6173,31.8464854,-81.6923027,14.333333333333334,"Fort Pulaski, GA",32.0,0,1.0,0.5707828230943087,0.2272727272727273,0.0,0.29558445111567566,0.4189751102216784
13179010101,Liberty County,0.7924,6309,31.9400649,-81.5681577,14.333333333333334,"Fort Pulaski, GA",41.0,0,1.0,0.8011095130470516,0.022727272727272707,0.0,0.20017576482254212,0.4171686122145515
13127000104,Glynn County,0.2051,777,31.1489402,-81.4094234,9.333333333333334,"Fernandina Beach, FL",2.0,21,0.0,0.1977604273679885,0.9090909090909091,0.13043478260869565,0.6392879872883018,0.4155494170578038
13127000403,Glynn County,0.2897,3222,31.2531748,-81.4240083,9.333333333333334,"Fernandina Beach, FL",2.0,1,0.0,0.2846722827203616,0.9090909090909091,0.006211180124223602,0.5569249180384197,0.4147531263658567
13103030307,Effingham County,0.1911,5538,32.3019626,-81.2179474,14.333333333333334,"Fort Pulaski, GA",17.0,9,1.0,0.18337785083213476,0.5681818181818181,0.055900621118012424,0.28669467529868264,0.41252246140175597
13039010403,Camden County,0.2325,4505,30.7494891,-81.6235271,9.333333333333334,"Fernandina Beach, FL",6.0,0,0.0,0.22590918430244505,0.8181818181818181,0.0,0.9918367630037928,0.4124109770456582
13029920308,Bryan County,0.2224,10594,31.8651896,-81.301127,14.333333333333334,"Fort Pulaski, GA",14.0,1,1.0,0.21553318265872198,0.6363636363636364,0.006211180124223602,0.04956717318237129,0.41145744004357815
13103030303,Effingham County,0.2519,2610,32.338768,-81.2259396,14.333333333333334,"Fort Pulaski, GA",20.0,2,1.0,0.2458393260735566,0.5,0.012422360248447204,0.31637054962484323,0.40725220682181834
13039010202,Camden County,0.2361,2552,30.9134869,-81.572819,9.333333333333334,"Fernandina Beach, FL",5.0,0,0.0,0.22960756112595027,0.8409090909090909,0.0,0.8524811670639454,0.40640311231690684
13127000101,Glynn County,0.1817,1187,31.1331271,-81.3585938,9.333333333333334,"Fernandina Beach, FL",0.0,0,0.0,0.17372097801520442,0.9545454545454546,0.0,0.6474241388267693,0.4032223436508746
13103030205,Effingham County,0.2594,3225,32.3654161,-81.2775031,14.333333333333334,"Fort Pulaski, GA",22.0,2,1.0,0.25354427778919253,0.4545454545454546,0.012422360248447204,0.3377048203147342,0.39806075576913463
13039010603,Camden County,0.2796,2500,30.731293,-81.5558142,9.333333333333334,"Fernandina Beach, FL",14.0,19,0.0,0.2742962810766386,0.6363636363636364,0.11801242236024845,0.9954581572968617,0.3904456543158059
13051010707,Chatham County,0.0583,4335,32.1812421,-81.2636906,14.333333333333334,"Fort Pulaski, GA",13.0,0,1.0,0.046948839120608175,0.6590909090909092,0.0,0.1862334717797372,0.38043527164142893
13039010303,Camden County,0.3991,3588,30.781332,-81.6690376,9.333333333333334,"Fernandina Beach, FL",20.0,13,0.0,0.39706184507910414,0.5,0.08074534161490683,0.9753447527113457,0.3787648300371019
13103030308,Effingham County,0.2037,4686,32.282259,-81.20966,14.333333333333334,"Fort Pulaski, GA",22.0,2,1.0,0.1963221697144031,0.4545454545454546,0.012422360248447204,0.2712193558903067,0.3742455769042551
13051010703,Chatham County,0.1364,6105,32.1808707,-81.2315084,14.333333333333334,"Fort Pulaski, GA",21.0,25,1.0,0.1271830696527635,0.4772727272727273,0.15527950310559005,0.1867973714073336,0.37330840168421914
13103030306,Effingham County,0.3005,3000,32.2683983,-81.2428216,14.333333333333334,"Fort Pulaski, GA",28.0,9,1.0,0.2957674131908773,0.31818181818181823,0.055900621118012424,0.2580135292206549,0.368371215501576
13051011006,Chatham County,0.1752,4073,31.9585795,-81.0218001,14.333333333333334,"Fort Pulaski, GA",20.0,1,1.0,0.16704335319498664,0.5,0.006211180124223602,0.1508240777414441,0.366127090751274
13051011500,Chatham County,0.0245,2593,31.830801,-81.1355054,14.333333333333334,"Fort Pulaski, GA",13.0,0,1.0,0.012225190055475652,0.6590909090909092,0.0,0.10632196948812091,0.3620270266927275
13127000302,Glynn County,0.0615,2439,31.2501806,-81.3283972,9.333333333333334,"Fernandina Beach, FL",0.0,0,0.0,0.05023628518594617,0.9545454545454546,0.0,0.5496993555709365,0.3564044574765139
13051011004,Chatham County,0.082,3405,31.9734729,-81.0604216,14.333333333333334,"Fort Pulaski, GA",17.0,2,1.0,0.07129648654201767,0.5681818181818181,0.012422360248447204,0.1262674229675746,0.3563335877511753
13127001001,Glynn County,0.0533,5553,31.123682,-81.521419,9.333333333333334,"Fernandina Beach, FL",2.0,2,0.0,0.041812204643517564,0.9090909090909091,0.012422360248447204,0.6763597975440008,0.3547702679119952
13127001002,Glynn County,0.3102,5511,31.2427866,-81.6730385,9.333333333333334,"Fernandina Beach, FL",13.0,0,0.0,0.3057324840764331,0.6590909090909092,0.0,0.6231953270371772,0.3517665506539204
13103030301,Effingham County,0.2119,7999,32.2446252,-81.2829075,14.333333333333334,"Fort Pulaski, GA",25.0,0,1.0,0.2047462502568317,0.38636363636363635,0.0,0.23881335989091093,0.35121430197523146
13029920307,Bryan County,0.1069,9315,31.822265,-81.2150254,14.333333333333334,"Fort Pulaski, GA",18.0,0,1.0,0.0968769262379289,0.5454545454545454,0.0,0.08263416087855795,0.3509628575955981
13103030204,Effingham County,0.4642,5101,32.3503852,-81.4143256,14.333333333333334,"Fort Pulaski, GA",39.0,1,1.0,0.4639408259708239,0.06818181818181823,0.006211180124223602,0.341873253593604,0.3447557956237866
13127000201,Glynn County,0.0166,1701,31.173948,-81.3673715,9.333333333333334,"Fernandina Beach, FL",1.0,2,0.0,0.004109307581672488,0.9318181818181819,0.012422360248447204,0.614803671279043,0.3441219679851276
13127000303,Glynn County,0.0363,3423,31.1998068,-81.3850755,9.333333333333334,"Fernandina Beach, FL",2.0,0,0.0,0.02434764742140949,0.9090909090909091,0.0,0.5953929286690838,0.339570859820604
13103030206,Effingham County,0.3386,2966,32.4352904,-81.2506435,14.333333333333334,"Fort Pulaski, GA",35.0,0,1.0,0.3349085679063078,0.15909090909090906,0.0,0.3948934214158462,0.33768918524074965
13039010407,Camden County,0.1353,3795,30.8054918,-81.594787,9.333333333333334,"Fernandina Beach, FL",13.0,3,0.0,0.12605301006780356,0.6590909090909092,0.018633540372670808,0.9422453954427521,0.33256274634778965
13029920104,Bryan County,0.0763,1643,32.1071063,-81.4632251,14.333333333333334,"Fort Pulaski, GA",21.0,0,1.0,0.06544072323813438,0.4772727272727273,0.0,0.184728623691568,0.3312868975224153
13179010102,Liberty County,0.2368,1929,31.9807591,-81.7130226,14.333333333333334,"Fort Pulaski, GA",30.0,0,1.0,0.23032668995274297,0.2727272727272727,0.0,0.30319611691191245,0.33123580049519596
13127000301,Glynn County,0.0479,1367,31.2040481,-81.3324012,9.333333333333334,"Fernandina Beach, FL",6.0,0,0.0,0.036264639408259705,0.8181818181818181,0.0,0.5876894758335424,0.31510288486037763
13127000103,Glynn County,0.1227,2396,31.1465056,-81.3877288,9.333333333333334,"Fernandina Beach, FL",12.0,10,0.0,0.11310869118553524,0.6818181818181819,0.062111801242236024,0.6389962402069277,0.3116944561081433
13051010812,Chatham County,0.0255,4833,32.0585601,-81.223664,14.333333333333334,"Fort Pulaski, GA",21.0,4,1.0,0.013252516950893772,0.4772727272727273,0.024844720496894408,0.08838056156556962,0.3097223374981775
13103030209,Effingham County,0.2217,2573,32.346191,-81.3215115,14.333333333333334,"Fort Pulaski, GA",34.0,6,1.0,0.2148140538319293,0.18181818181818177,0.037267080745341616,0.32448211789633713,0.30702794459646826
13127000408,Glynn County,0.1511,4080,31.2762003,-81.4693887,9.333333333333334,"Fernandina Beach, FL",14.0,5,0.0,0.1422847750154099,0.6363636363636364,0.031055900621118012,0.5458937901368583,0.2928422875205674
13103030100,Effingham County,0.2987,3258,32.482162,-81.406062,14.333333333333334,"Fort Pulaski, GA",41.0,2,1.0,0.2939182247791247,0.022727272727272707,0.012422360248447204,0.4448614170706593,0.29134314499625225
13103030404,Effingham County,0.0417,3215,32.2166029,-81.3480005,14.333333333333334,"Fort Pulaski, GA",27.0,1,1.0,0.02989521265666735,0.34090909090909094,0.006211180124223602,0.22344510147197574,0.2845174782355586
13103030208,Effingham County,0.136,4349,32.3109992,-81.3591829,14.333333333333334,"Fort Pulaski, GA",42.0,0,1.0,0.12677213889459626,0.0,0.0,0.3005770002968764,0.2180893416980665
